hq,pricePerUnit,quantity,buyerName,onMannequin,timestamp,worldName,worldID
True,2974,20,Reina Uberall,False,1710716774,Gilgamesh,63
True,1850,30,Elsha Linnette,False,1710421123,Midgardsormr,65
True,2996,24,Samara Hana,False,1710418635,Adamantoise,73
True,2997,99,Samara Hana,False,1710418634,Adamantoise,73
True,2000,33,Sair Hyskaris,False,1710347949,Gilgamesh,63
True,2900,30,Sair Hyskaris,False,1710347948,Gilgamesh,63
True,2000,33,Sair Hyskaris,False,1710347947,Gilgamesh,63
True,2900,99,Sair Hyskaris,False,1710347945,Gilgamesh,63
True,3100,30,Astrienne Trearelle,False,1709953771,Faerie,54
True,3100,30,Astrienne Trearelle,False,1709953769,Faerie,54
True,2411,11,Astrienne Trearelle,False,1709953768,Faerie,54
True,4999,6,B'ongo Cat,False,1709909326,Adamantoise,73
True,8000,15,Ola Eldevik,False,1709870569,Jenova,40
False,3095,3,Izayoi Kurokawa,False,1709778064,Gilgamesh,63
True,2105,30,Kyou Kiri,False,1709697742,Sargatanas,99
True,5000,5,Buns Mcgruber,False,1709697732,Adamantoise,73
True,5000,6,Buns Mcgruber,False,1709697730,Adamantoise,73
True,4999,1,Buns Mcgruber,False,1709697728,Adamantoise,73
True,4998,75,Delubrum Reginae,False,1709683124,Adamantoise,73
True,1105,1,Mym Brunhilda,False,1709611424,Gilgamesh,63
True,83,36,Astral Skye,False,1709603048,Cactuar,79
True,3000,99,Virtus Pendragon,False,1709544615,Gilgamesh,63
True,2999,36,Eat Pluto,False,1709541790,Gilgamesh,63
True,2666,33,Guardian War,False,1709534608,Midgardsormr,65
True,2666,33,Guardian War,False,1709534606,Midgardsormr,65
True,4998,10,Rad Akali,False,1709450882,Adamantoise,73
True,4998,10,Rad Akali,False,1709450881,Adamantoise,73
True,14999,33,Lemon Manderville,False,1709410007,Cactuar,79
True,4999,10,Senju Flyin,False,1709391117,Adamantoise,73
True,2105,65,Finn Human,False,1709356284,Sargatanas,99
True,5000,4,Jas Brar,False,1709348669,Adamantoise,73
True,5000,1,Vae Violet,False,1709057563,Faerie,54
True,1499,16,Matty Katos,False,1708988071,Siren,57
True,4999,15,Rad Akali,False,1708928873,Adamantoise,73
True,4999,15,Rad Akali,False,1708928872,Adamantoise,73
True,4999,15,Rad Akali,False,1708928871,Adamantoise,73
True,4999,15,Rad Akali,False,1708916720,Adamantoise,73
True,2500,45,Seanathan Tempest,False,1708817338,Gilgamesh,63
True,2498,78,Seanathan Tempest,False,1708817335,Gilgamesh,63
True,2450,99,Seanathan Tempest,False,1708817329,Gilgamesh,63
True,2499,12,Q'ras Ixzee,False,1708770230,Gilgamesh,63
True,2450,99,Knight Lionheart,False,1708767350,Gilgamesh,63
True,2499,10,Be Bop,False,1708666496,Gilgamesh,63
True,4464,99,Flourishing Sorrow,False,1708630008,Jenova,40
True,4165,3,Flourishing Sorrow,False,1708629988,Jenova,40
True,3399,3,Quiquinque Quinque,False,1708594530,Faerie,54
True,1100,98,Cy Cal,False,1708471340,Siren,57
True,1500,5,Kyo Bert,False,1708297745,Jenova,40
True,975,3,Kyo Bert,False,1708297744,Jenova,40
True,974,99,Kyo Bert,False,1708297742,Jenova,40
True,15000,30,Kyo Bert,False,1708296438,Cactuar,79
True,2000,99,Alahard Highwind,False,1708221416,Midgardsormr,65
True,1105,99,Aminta Alexia,False,1708218975,Siren,57
False,800,3,Aminta Alexia,False,1708218971,Siren,57
True,2000,9,Necro Hastius,False,1708201604,Midgardsormr,65
True,1505,15,Iman Dei'cree,False,1708199942,Jenova,40
True,2497,6,Pozzeno Sxioni,False,1707925121,Gilgamesh,63
True,2000,21,Chloe Whipsbane,False,1707879990,Midgardsormr,65
True,3199,33,Astral Cosmic,False,1707778377,Faerie,54
False,1700,26,Blackvelvet Rose,False,1707776561,Midgardsormr,65
True,3198,6,Quiquinque Quinque,False,1707724359,Faerie,54
True,1500,2,Cipher Mss,False,1707584499,Jenova,40
True,3199,99,Darkonias Kakarot,False,1707524185,Faerie,54
True,2000,5,Swage Stormwind,False,1707446316,Siren,57
True,2000,11,Swage Stormwind,False,1707446315,Siren,57
True,2200,5,Skishi Squishi,False,1707367634,Jenova,40
True,2000,5,Mal Mazure,False,1707347125,Siren,57
True,3000,3,Scela Libra,False,1707267151,Adamantoise,73
False,2000,3,Alun Toragana,False,1707121556,Gilgamesh,63
True,1999,25,Manami Tsukino,False,1707104318,Faerie,54
True,1999,20,Demigon Crunch,False,1707068862,Faerie,54
True,2497,15,Mid Knight,False,1707026260,Gilgamesh,63
True,3975,10,Ae'siryo Lefay,False,1706987788,Jenova,40
True,3975,10,Effie Howard,False,1706895642,Jenova,40
True,15000,3,Kestona Lynsae,False,1706875892,Cactuar,79
True,3100,33,Albedo Tlahuilli,False,1706851877,Faerie,54
True,3299,10,Durante Esperantius,False,1706846694,Midgardsormr,65
True,2599,24,Miri Neza,False,1706810861,Faerie,54
True,2500,45,Senna Auralae,False,1706749029,Gilgamesh,63
True,1998,21,Eiko Ulchabhan,False,1706744381,Faerie,54
True,800,1,Thereza Oseniah,False,1706690855,Siren,57
True,4464,24,Zyoxin Westernsamurai,False,1706589787,Jenova,40
True,1800,10,Tezmir Tautly,False,1706549861,Sargatanas,99
True,1800,10,Tezmir Tautly,False,1706549860,Sargatanas,99
True,1800,10,Tezmir Tautly,False,1706549858,Sargatanas,99
True,2000,99,Sable Sage,False,1706399466,Siren,57
True,1999,30,Ojirus Fay'dwel,False,1706381229,Faerie,54
True,1999,50,Ojirus Fay'dwel,False,1706381225,Faerie,54
True,1993,6,Ojirus Fay'dwel,False,1706381223,Faerie,54
True,1450,46,Ground Zero,False,1706154084,Siren,57
True,1994,41,Evie Nevermind,False,1706145940,Faerie,54
True,2100,20,Jaola Lielnefertfos,False,1706099696,Midgardsormr,65
True,2100,20,Uzair Syed,False,1706071390,Midgardsormr,65
True,4105,7,Rad Akali,False,1705946705,Adamantoise,73
True,4000,2,Rad Akali,False,1705946703,Adamantoise,73
True,3946,18,Rad Akali,False,1705946702,Adamantoise,73
True,3947,20,Rad Akali,False,1705946701,Adamantoise,73
True,2000,3,Zera Asura,False,1705889379,Cactuar,79
True,2000,33,Io'sefka Nan'vtolis,False,1705878417,Siren,57
True,2000,33,Io'sefka Nan'vtolis,False,1705878416,Siren,57
True,2000,33,Io'sefka Nan'vtolis,False,1705878415,Siren,57
True,2000,33,Io'sefka Nan'vtolis,False,1705878414,Siren,57
True,2000,33,Io'sefka Nan'vtolis,False,1705878413,Siren,57
True,2000,33,Io'sefka Nan'vtolis,False,1705878412,Siren,57
True,2000,33,Io'sefka Nan'vtolis,False,1705878411,Siren,57
True,2000,33,Io'sefka Nan'vtolis,False,1705878410,Siren,57
True,2000,33,Io'sefka Nan'vtolis,False,1705878409,Siren,57
True,2000,33,Io'sefka Nan'vtolis,False,1705878408,Siren,57
True,2000,33,Io'sefka Nan'vtolis,False,1705878407,Siren,57
True,2000,33,Io'sefka Nan'vtolis,False,1705878406,Siren,57
True,1777,10,Io'sefka Nan'vtolis,False,1705878403,Siren,57
True,1799,99,Io'sefka Nan'vtolis,False,1705878399,Siren,57
True,3946,9,Kiskili Tsuki,False,1705877153,Adamantoise,73
True,2499,51,X'lantaa Amih,False,1705796056,Gilgamesh,63
True,1995,30,Astrienne Trearelle,False,1705716165,Faerie,54
True,2425,9,Ograth Beornheim,False,1705700890,Gilgamesh,63
False,1000,52,Grief Dragonson,False,1705604272,Midgardsormr,65
False,1000,53,Grief Dragonson,False,1705604268,Midgardsormr,65
True,1995,42,Aymei Kita,False,1705471580,Faerie,54
True,4475,10,Nemaine Sylverstep,False,1705266390,Jenova,40
True,9999,35,Vitalia Reaperknight,False,1705221170,Cactuar,79
True,3999,20,Demon Smallz,False,1705200244,Adamantoise,73
True,2499,99,Eeveeh Tami,False,1705108419,Gilgamesh,63
True,1965,8,Kya Paozi,False,1705087370,Siren,57
True,3000,20,Hero Logarin,False,1704946015,Midgardsormr,65
True,1995,30,Bell Fleur,False,1704915967,Faerie,54
True,3999,7,Hana Hideyoshi,False,1704866968,Adamantoise,73
True,1895,9,Skadi Michail,False,1704853600,Siren,57
True,1000,10,Viktor Vulkan,False,1704742332,Midgardsormr,65
True,1000,10,Viktor Vulkan,False,1704742330,Midgardsormr,65
True,1000,10,Viktor Vulkan,False,1704742329,Midgardsormr,65
True,1000,10,Viktor Vulkan,False,1704742328,Midgardsormr,65
True,1000,10,Viktor Vulkan,False,1704742326,Midgardsormr,65
True,1000,10,Viktor Vulkan,False,1704742323,Midgardsormr,65
True,1000,10,Viktor Vulkan,False,1704742304,Midgardsormr,65
True,1199,27,Viktor Vulkan,False,1704742293,Midgardsormr,65
True,999,9,Viktor Vulkan,False,1704742289,Midgardsormr,65
True,1960,10,Agent Ratchet,False,1704708646,Siren,57
True,1000,10,Lord Momon,False,1704696757,Midgardsormr,65
True,1000,10,Opa Revontuli,False,1704463554,Midgardsormr,65
True,1000,10,Opa Revontuli,False,1704463552,Midgardsormr,65
True,999,3,Opa Revontuli,False,1704463550,Midgardsormr,65
True,999,10,Opa Revontuli,False,1704463548,Midgardsormr,65
True,999,10,Opa Revontuli,False,1704463547,Midgardsormr,65
True,999,10,Opa Revontuli,False,1704463545,Midgardsormr,65
True,1965,5,Tyonidus Flintlock,False,1704427307,Siren,57
True,998,3,Tori Talks,False,1704336254,Midgardsormr,65
True,900,20,Tori Talks,False,1704336252,Midgardsormr,65
True,900,20,Tori Talks,False,1704336251,Midgardsormr,65
True,1999,22,Majiq Wolvesbane,False,1704319475,Faerie,54
True,1990,10,Majiq Wolvesbane,False,1704319472,Faerie,54
True,1900,6,Sweet Prince,False,1704275229,Faerie,54
True,1969,99,Nivalia Paradis,False,1704255154,Siren,57
True,2000,54,Alex Gaming,False,1704104502,Gilgamesh,63
True,2000,99,Alex Gaming,False,1704104500,Gilgamesh,63
True,2000,30,Mizu Divaal,False,1703974755,Faerie,54
True,1400,21,Weiselia Phokoi,False,1703963844,Sargatanas,99
True,1998,33,Fio Mercurie,False,1703829573,Faerie,54
True,1905,2,Dovah Wolfsire,False,1703673758,Siren,57
True,1900,1,Dovah Wolfsire,False,1703673756,Siren,57
False,1000,29,Dovah Wolfsire,False,1703673754,Siren,57
True,3398,10,Mi Ra,False,1703633574,Midgardsormr,65
True,3398,10,Mi Ra,False,1703633572,Midgardsormr,65
True,1998,10,Shy Moonlight,False,1703621149,Faerie,54
True,8000,10,Sollidus Snake,False,1703570759,Jenova,40
True,20000,10,Sollidus Snake,False,1703570757,Jenova,40
True,20000,10,Sollidus Snake,False,1703570756,Jenova,40
True,20000,10,Sollidus Snake,False,1703570755,Jenova,40
True,20000,10,Sollidus Snake,False,1703570753,Jenova,40
True,20000,10,Sollidus Snake,False,1703570752,Jenova,40
True,20000,10,Sollidus Snake,False,1703570748,Jenova,40
True,20000,10,Sollidus Snake,False,1703570746,Jenova,40
True,20000,10,Sollidus Snake,False,1703570745,Jenova,40
True,20000,10,Sollidus Snake,False,1703570744,Jenova,40
True,1941,99,Calvin Parker,False,1703447404,Siren,57
True,3400,5,Mi Ra,False,1703383949,Midgardsormr,65
True,8000,6,Allor Cedar,False,1703368455,Jenova,40
False,1000,3,Trox Bark,False,1703307593,Midgardsormr,65
True,1500,99,Ren Yukiko,False,1703231687,Gilgamesh,63
True,1080,47,Masti Dreemie,False,1703125244,Siren,57
True,3796,75,Sammy Chocobree,False,1703009952,Adamantoise,73
True,1945,5,Cill Lumis,False,1702862260,Siren,57
True,3796,99,Ricardo Zx-,False,1702834073,Adamantoise,73
True,3498,10,Menina El,False,1702774307,Midgardsormr,65
True,3890,10,Yukiko Neko,False,1702693567,Adamantoise,73
True,3890,42,E'rahez Tia,False,1702678547,Adamantoise,73
True,1988,5,Aezer Daezer,False,1702601260,Siren,57
True,3999,10,Magnus Usagi,False,1702479854,Adamantoise,73
False,2000,2,Iremia Inanis,False,1702432912,Cactuar,79
False,3999,10,Ayato Murakumo,False,1702362493,Jenova,40
True,4994,42,Ayato Murakumo,False,1702362179,Jenova,40
True,3850,10,Ayato Murakumo,False,1702362177,Jenova,40
True,3850,10,Ayato Murakumo,False,1702362176,Jenova,40
True,3850,99,Ayato Murakumo,False,1702362174,Jenova,40
True,2000,20,Kurokodairu Musa,False,1702347363,Sargatanas,99
True,3998,10,Lux Suri,False,1702272889,Midgardsormr,65
True,2000,99,Manny Catbois,False,1702199885,Gilgamesh,63
False,1000,3,I'kyto Osheborne,False,1702169781,Siren,57
True,2298,20,Kurohana Koneko-chan,False,1702152151,Faerie,54
True,3800,9,Ifafa Ifa,False,1702102075,Jenova,40
True,3699,10,Legend Storms,False,1702079396,Jenova,40
True,3695,10,Legend Storms,False,1702079395,Jenova,40
True,3695,10,Legend Storms,False,1702079394,Jenova,40
True,3695,10,Legend Storms,False,1702079393,Jenova,40
True,3695,25,Legend Storms,False,1702079387,Jenova,40
True,3695,25,Legend Storms,False,1702079385,Jenova,40
True,1999,22,Utafumi Akuro,False,1701913643,Faerie,54
True,3000,20,Viktor Vulkan,False,1701824796,Midgardsormr,65
True,3000,20,Viktor Vulkan,False,1701824795,Midgardsormr,65
False,1999,18,Iman Dei'cree,False,1701735219,Jenova,40
True,3700,1,Caswyn Lleweneth,False,1701703181,Jenova,40
True,3695,25,Sophia Pistis,False,1701641776,Jenova,40
True,3700,1,Frogn Akuts,False,1701608770,Jenova,40
True,17499,42,Eddie Manderville,False,1701565246,Jenova,40
True,3882,99,Soma Soraya,False,1701558507,Adamantoise,73
True,1490,5,Morag Stilwell,False,1701541956,Faerie,54
True,1550,60,Morag Stilwell,False,1701541954,Faerie,54
True,1500,18,Morag Stilwell,False,1701541946,Faerie,54
True,2350,22,Azura Reahyn,False,1701491993,Siren,57
True,3890,10,Penetreitor Chachacha,False,1701482965,Adamantoise,73
True,3889,99,Mousse Laittiere,False,1701457686,Adamantoise,73
True,1450,40,Kousei Tsuisaku,False,1701386310,Faerie,54
True,3104,3,Ren Yukiko,False,1701330578,Gilgamesh,63
True,3105,98,Youmu Myon,False,1701240676,Gilgamesh,63
True,3890,10,Roxas Cross,False,1701220178,Adamantoise,73
True,3000,17,Reuki Atalana,False,1701217597,Cactuar,79
True,3999,10,Vampire Toast,False,1701033935,Adamantoise,73
True,3999,7,Vampire Toast,False,1701033933,Adamantoise,73
True,1500,54,Shunden Hayabusa,False,1701025989,Faerie,54
True,1499,33,Shunden Hayabusa,False,1701025977,Faerie,54
True,1499,33,Shunden Hayabusa,False,1701025975,Faerie,54
True,3799,10,Ichiko Morgenstern,False,1700990389,Jenova,40
True,3000,1,Jin Teki,False,1700969580,Midgardsormr,65
True,3000,27,Jin Teki,False,1700969578,Midgardsormr,65
True,8000,15,Ashkar Behek,False,1700961195,Jenova,40
True,4999,12,Ashkar Behek,False,1700961194,Jenova,40
True,3898,95,Rad Akali,False,1700932461,Adamantoise,73
True,2300,25,Zoey Blackheart,False,1700853083,Siren,57
True,2300,25,Zoey Blackheart,False,1700853081,Siren,57
True,2300,25,Zoey Blackheart,False,1700853080,Siren,57
True,2000,35,Zoey Blackheart,False,1700853078,Siren,57
True,2300,99,Sechen Adarkim,False,1700850459,Siren,57
True,1005,95,Mamichula Southwest,False,1700802057,Sargatanas,99
True,2300,17,Amara Tiakarete,False,1700784768,Siren,57
True,3500,99,Emma Sky,False,1700760167,Gilgamesh,63
True,3899,3,Autumn Krea'tivo,False,1700628850,Adamantoise,73
True,3600,24,Autumn Krea'tivo,False,1700628848,Adamantoise,73
True,3899,99,Autumn Krea'tivo,False,1700628846,Adamantoise,73
True,1995,5,Kryn Bibbelton,False,1700624031,Faerie,54
True,3000,10,Suniver Estrella,False,1700618819,Jenova,40
True,2200,18,Azumi Yami,False,1700597895,Cactuar,79
True,2199,5,Aya Breastone,False,1700562871,Cactuar,79
True,4495,26,Iora Corthos,False,1700532380,Jenova,40
False,3000,6,Shady Shawty,False,1700508913,Adamantoise,73
True,4999,12,Niara Everdawn,False,1700495583,Jenova,40
True,3899,99,Akira Kimura,False,1700421484,Adamantoise,73
True,3000,1,Kurone Leonheart,False,1700280813,Midgardsormr,65
True,1500,26,Laonia Aeneria,False,1700263629,Cactuar,79
True,3200,20,Eremia Hyskaris,False,1700112447,Gilgamesh,63
True,2000,20,Kino Reinhardt,False,1700101716,Faerie,54
True,1500,20,Kino Reinhardt,False,1700101713,Faerie,54
True,1500,20,Kino Reinhardt,False,1700101710,Faerie,54
True,3999,10,Terag Srednas,False,1700057212,Adamantoise,73
True,1494,6,Nero Valentinoix,False,1700019159,Faerie,54
True,1493,5,Nero Valentinoix,False,1700019158,Faerie,54
True,1490,5,Nero Valentinoix,False,1700019156,Faerie,54
True,1500,10,Ograth Beornheim,False,1700011760,Adamantoise,73
True,1500,10,Ograth Beornheim,False,1700011757,Adamantoise,73
True,5200,33,Raynee Day,False,1699919948,Jenova,40
True,750,33,Reuki Atalana,False,1699918438,Cactuar,79
True,5000,5,Mintaka Orionis,False,1699845217,Jenova,40
True,2999,99,Leila Asilla,False,1699753394,Jenova,40
True,3000,50,Yori Amos,False,1699723800,Gilgamesh,63
True,1495,36,Adon Rynaeia,False,1699678206,Faerie,54
True,2105,11,Ograth Beornheim,False,1699662048,Gilgamesh,63
True,3000,25,Mister Wonderful,False,1699595777,Siren,57
True,900,15,Big Poppag,False,1699586926,Cactuar,79
True,3769,6,Allen Amser,False,1699514907,Midgardsormr,65
False,2500,21,Aqua Azura,False,1699499960,Sargatanas,99
True,5000,3,Locke Silverhand,False,1699405606,Sargatanas,99
True,3799,20,Kinda Cringe,False,1699211581,Midgardsormr,65
True,3699,25,Kinda Cringe,False,1699211579,Midgardsormr,65
True,3000,5,Long Ears,False,1699150925,Siren,57
True,1000,99,Claire Lyonheart,False,1699141414,Cactuar,79
True,3798,96,X' X',False,1699133561,Midgardsormr,65
True,3796,33,X' X',False,1699133558,Midgardsormr,65
True,1500,10,Drevos Soul,False,1699073448,Faerie,54
True,2105,99,Knight Lionheart,False,1699053714,Gilgamesh,63
True,1500,10,La Diva,False,1699021479,Faerie,54
True,2000,88,Liam Listhobi,False,1698967761,Sargatanas,99
True,2000,99,Dylan Edwards,False,1698902244,Faerie,54
True,4995,10,Haname Kusakari,False,1698900643,Jenova,40
True,4995,25,Grea Malufox,False,1698899825,Jenova,40
True,1700,60,Reuki Atalana,False,1698891217,Siren,57
True,1400,1,Zakoro Miyumi,False,1698797574,Cactuar,79
True,1500,25,Zakoro Miyumi,False,1698797572,Cactuar,79
True,1400,12,Zakoro Miyumi,False,1698797569,Cactuar,79
True,3999,27,Alexa Moncada,False,1698707197,Adamantoise,73
True,1400,30,Ana Reisen,False,1698636764,Cactuar,79
True,1995,5,Tys Zuikon,False,1698624001,Faerie,54
True,3799,25,Idokoe Nya,False,1698620597,Midgardsormr,65
True,2000,36,Nutty Buddy,False,1698584434,Faerie,54
True,1800,24,Popo Yuon,False,1698581789,Siren,57
True,3000,15,Mai Xhula,False,1698561580,Jenova,40
True,2190,5,Blake Sin,False,1698515390,Faerie,54
True,2100,8,Blake Sin,False,1698515389,Faerie,54
True,2750,45,Anjet Teine-le-deigh,False,1698481347,Gilgamesh,63
True,1799,33,Sissel Gleo'ite,False,1698267389,Siren,57
True,2499,75,Camille Main,False,1698130889,Faerie,54
True,2495,5,Camille Main,False,1698130886,Faerie,54
True,2499,52,Camille Main,False,1698130883,Faerie,54
True,2400,45,Camille Main,False,1698130880,Faerie,54
True,4604,20,Akiros Yuuki,False,1698121735,Gilgamesh,63
True,690,50,Esta Bun,False,1698104856,Cactuar,79
True,4000,25,Chrollo Juzifer,False,1698097805,Adamantoise,73
True,3999,10,Rad Akali,False,1698041452,Adamantoise,73
True,3999,10,Rad Akali,False,1698041451,Adamantoise,73
True,4000,25,V'dam Thel,False,1698027697,Adamantoise,73
True,3998,10,Sazuna Woodland,False,1698020929,Midgardsormr,65
True,1800,10,Sokar Su,False,1698019366,Siren,57
True,2520,10,Tallulah Starleigh,False,1698008197,Faerie,54
True,2520,27,Tallulah Starleigh,False,1698008195,Faerie,54
True,2500,99,Knight Lionheart,False,1698007158,Gilgamesh,63
True,2500,99,Knight Lionheart,False,1698007125,Gilgamesh,63
True,6995,32,Shifter Skyborne,False,1697995611,Jenova,40
True,3999,10,Rad Akali,False,1697963084,Adamantoise,73
True,3999,10,Morrigu Dresden,False,1697898843,Adamantoise,73
True,2900,21,Cassius Satura,False,1697879106,Sargatanas,99
True,1500,25,Wingless Angel,False,1697715833,Cactuar,79
True,2985,5,Sazuna Woodland,False,1697676406,Faerie,54
True,3997,10,Drakian Draconic,False,1697637043,Midgardsormr,65
True,1500,25,Dana Zane,False,1697528121,Cactuar,79
True,1500,25,Dana Zane,False,1697528120,Cactuar,79
True,1500,25,Dana Zane,False,1697528119,Cactuar,79
True,1500,25,Dana Zane,False,1697528118,Cactuar,79
True,1500,25,Dana Zane,False,1697528117,Cactuar,79
True,1500,25,Dana Zane,False,1697528116,Cactuar,79
True,1500,25,Dana Zane,False,1697528115,Cactuar,79
True,1500,25,Dana Zane,False,1697528114,Cactuar,79
True,1500,25,Dana Zane,False,1697528113,Cactuar,79
True,1500,25,Dana Zane,False,1697528112,Cactuar,79
True,1500,25,Dana Zane,False,1697528111,Cactuar,79
True,1500,25,Dana Zane,False,1697528110,Cactuar,79
True,1000,45,Dana Zane,False,1697528109,Cactuar,79
True,1194,36,Dana Zane,False,1697528107,Cactuar,79
True,8500,10,Leih Lanbatal,False,1697340972,Jenova,40
True,4000,18,Morrigan Nyx,False,1697318705,Adamantoise,73
True,3999,25,Morrigan Nyx,False,1697318703,Adamantoise,73
True,7000,10,Nino Azelle,False,1697184254,Jenova,40
True,6994,33,Nono Hato,False,1697184227,Jenova,40
True,3045,5,Kyie Senju,False,1697142309,Faerie,54
True,1800,99,Tselia Redsteele,False,1697095786,Siren,57
True,1200,81,Ahri Cyberis,False,1697088226,Cactuar,79
True,1193,5,Ahri Cyberis,False,1697088221,Cactuar,79
True,1193,5,Ahri Cyberis,False,1697088219,Cactuar,79
True,6994,66,Asteon Vaerzel,False,1697085507,Jenova,40
True,3049,5,Sehra Rosefish,False,1696738360,Faerie,54
True,1500,25,Giga Twigger,False,1696676580,Cactuar,79
True,1500,25,Giga Twigger,False,1696676578,Cactuar,79
True,1500,25,Giga Twigger,False,1696676576,Cactuar,79
True,1500,25,Giga Twigger,False,1696676574,Cactuar,79
True,1499,30,Giga Twigger,False,1696676573,Cactuar,79
True,7000,50,Ren Ren,False,1696663724,Jenova,40
True,3199,33,Anitya Anatta,False,1696625310,Faerie,54
True,4000,25,Ograth Beornheim,False,1696620677,Adamantoise,73
True,2000,10,Adam Fylrmyn,False,1696576971,Siren,57
True,2000,10,Midric Modric,False,1696555956,Siren,57
True,4604,20,Aeo Qua,False,1696553131,Gilgamesh,63
True,4000,25,Samara Hana,False,1696336452,Adamantoise,73
True,3999,99,Space Glider,False,1696096883,Midgardsormr,65
True,2000,6,Ryo Azure,False,1696052647,Siren,57
True,2900,25,Pirate Gender,False,1696041233,Faerie,54
True,1000,87,Kaminari Torioi,False,1696038423,Midgardsormr,65
True,999,50,Momo Michu,False,1696037794,Cactuar,79
True,3000,99,Rad Akali,False,1695998832,Adamantoise,73
True,900,99,Aubrey Links,False,1695839514,Cactuar,79
True,899,21,Aubrey Links,False,1695839513,Cactuar,79
False,3095,3,Yuki Ozaki,False,1695836036,Faerie,54
True,3443,1,Yuki Ozaki,False,1695836034,Faerie,54
True,7000,12,Adelina Hallowswift,False,1695791882,Jenova,40
True,3000,9,Neverx Duinydtu,False,1695788534,Midgardsormr,65
True,4595,3,Zenfa Avengale,False,1695773308,Gilgamesh,63
True,1000,6,Gex Enjoyer,False,1695764018,Cactuar,79
True,3444,32,Cassandra Priam,False,1695730131,Faerie,54
True,4604,99,Superman Cav,False,1695585844,Gilgamesh,63
True,4604,99,Knight Lionheart,False,1695547571,Gilgamesh,63
True,4604,99,Knight Lionheart,False,1695547555,Gilgamesh,63
True,3050,33,Anysia De'harp,False,1695503594,Faerie,54
True,5000,3,Dank Chicken,False,1695353232,Adamantoise,73
True,3444,30,Brikelz Brimstone,False,1695277756,Faerie,54
True,4604,99,Knight Lionheart,False,1695205665,Gilgamesh,63
True,4995,36,Velvet Leveilleur,False,1695152213,Cactuar,79
True,4999,50,Velvet Leveilleur,False,1695152212,Cactuar,79
True,5415,36,Naru'ko Rhowa,False,1695019467,Cactuar,79
True,4600,99,Knight Lionheart,False,1694937316,Gilgamesh,63
True,8990,12,Covva Foixewesfv,False,1694903930,Jenova,40
True,4100,20,Bunny Chan,False,1694831297,Gilgamesh,63
True,4100,20,Bunny Chan,False,1694831296,Gilgamesh,63
True,4100,20,Bunny Chan,False,1694831295,Gilgamesh,63
True,4049,58,Bunny Chan,False,1694831294,Gilgamesh,63
True,18000,30,Umari Kisne,False,1694653846,Jenova,40
True,10000,10,Umari Kisne,False,1694653842,Jenova,40
True,10000,10,Umari Kisne,False,1694653841,Jenova,40
True,3050,20,Chaunassen Euras,False,1694628683,Gilgamesh,63
True,4199,30,Terry Aki,False,1694564674,Faerie,54
True,1400,12,Babybaby Bragoon,False,1694475822,Siren,57
False,1400,30,Babybaby Bragoon,False,1694475820,Siren,57
True,4200,99,Xioxius Kredhur,False,1694460450,Faerie,54
True,1400,21,Babybaby Bragoon,False,1694401903,Sargatanas,99
True,2000,14,Babybaby Bragoon,False,1694401901,Sargatanas,99
False,5419,3,Luna Ciella,False,1694376170,Cactuar,79
True,1499,6,Vita Aeterna,False,1694373537,Siren,57
True,1499,6,Vita Aeterna,False,1694373535,Siren,57
True,1499,6,Vita Aeterna,False,1694373532,Siren,57
True,1499,6,Vita Aeterna,False,1694373531,Siren,57
True,1499,6,Vita Aeterna,False,1694373530,Siren,57
True,1499,9,Vita Aeterna,False,1694373528,Siren,57
True,800,12,Vita Aeterna,False,1694373526,Siren,57
True,3050,20,Sundays Gone,False,1694334248,Gilgamesh,63
True,3050,25,Sundays Gone,False,1694334241,Gilgamesh,63
True,3050,25,Sundays Gone,False,1694334240,Gilgamesh,63
True,3047,30,Sundays Gone,False,1694334238,Gilgamesh,63
True,3046,14,Sundays Gone,False,1694334237,Gilgamesh,63
True,5105,21,Zachary F',False,1694231118,Midgardsormr,65
True,4899,6,Duckson Duckboi,False,1694223167,Faerie,54
True,1496,3,Surely Ghoezit,False,1693952086,Siren,57
True,3049,30,Alys Muscadet,False,1693865748,Gilgamesh,63
True,1250,20,Al Con,False,1693817212,Sargatanas,99
True,2995,15,Bigly Smalls,False,1693716711,Gilgamesh,63
True,2990,14,Nobu Nyaga,False,1693615216,Gilgamesh,63
True,3850,3,Borislav Trench,False,1693448159,Siren,57
True,3850,3,Borislav Trench,False,1693448156,Siren,57
True,3850,3,Borislav Trench,False,1693448154,Siren,57
True,3850,3,Borislav Trench,False,1693448153,Siren,57
True,4000,99,Knight Lionheart,False,1693438009,Gilgamesh,63
True,3105,99,Knight Lionheart,False,1693438006,Gilgamesh,63
True,4300,54,Rad Akali,False,1693432330,Adamantoise,73
True,5000,8,Araya Stormborn,False,1693419113,Cactuar,79
True,3050,40,Sagaris Razorn,False,1693359275,Gilgamesh,63
True,4800,48,Noxini Nightmare,False,1693206251,Cactuar,79
True,4795,4,Noxini Nightmare,False,1693206248,Cactuar,79
True,3900,99,Khaidu Baasan,False,1693177462,Siren,57
True,3050,25,Knight Lionheart,False,1693177401,Gilgamesh,63
True,4700,30,Cyril Nabaat,False,1693003616,Adamantoise,73
True,3954,6,Bernadetta Anderslam,False,1692678109,Siren,57
True,3080,15,Da'mage Acheron,False,1692572058,Gilgamesh,63
True,3995,20,Kamui Bushida,False,1692565719,Siren,57
True,3995,20,Kamui Bushida,False,1692565712,Siren,57
True,3995,12,Kamui Bushida,False,1692565680,Siren,57
True,10000,10,Masha Zolsesi,False,1692475671,Jenova,40
True,10000,10,Masha Zolsesi,False,1692475670,Jenova,40
True,4200,3,Timothy Magicks,False,1692404048,Faerie,54
True,3090,22,Shin'ei Hikari,False,1692247596,Gilgamesh,63
True,3999,6,Raid Rayzor,False,1692199369,Siren,57
True,4905,30,Hungg Lowe,False,1692191364,Midgardsormr,65
False,1000,3,Rick Mephistopheles,False,1692170522,Cactuar,79
True,3750,30,Kamisguide Higurashi,False,1692155139,Faerie,54
False,9000,9,Remi Huracan,False,1692142539,Jenova,40
True,4000,30,Kamui Bushida,False,1692104355,Siren,57
True,4000,30,Kamui Bushida,False,1692104333,Siren,57
True,3090,33,Cei' Noeevul,False,1692102695,Gilgamesh,63
True,4900,11,Sendo Mohawk,False,1692065788,Midgardsormr,65
True,14000,12,Jess Garcia,False,1692042834,Jenova,40
True,11000,20,Jess Garcia,False,1692042827,Jenova,40
True,1500,10,Dahl Zydek,False,1692033324,Siren,57
True,1500,10,Dahl Zydek,False,1692033323,Siren,57
True,1500,10,Dahl Zydek,False,1692033321,Siren,57
True,1500,10,Dahl Zydek,False,1692033319,Siren,57
True,4800,3,Honeymilk Tea,False,1691997599,Cactuar,79
False,1000,6,Honeymilk Tea,False,1691997593,Cactuar,79
True,4405,6,Dr Boofinstein,False,1691982048,Gilgamesh,63
True,9000,30,Namielle Tenjou,False,1691937694,Siren,57
True,4850,30,Valyr Andromeda,False,1691935156,Cactuar,79
True,4105,19,Knight Lionheart,False,1691927678,Gilgamesh,63
True,4000,99,Russell Wolfgang,False,1691905840,Gilgamesh,63
True,4900,6,C'elosia Ar'canine,False,1691867150,Cactuar,79
True,3000,99,Keijin Otokonoko,False,1691866851,Sargatanas,99
True,2999,30,Angra Nekomamushi,False,1691854589,Sargatanas,99
False,2500,3,Angra Nekomamushi,False,1691854587,Sargatanas,99
True,11000,25,Finh Bezahl,False,1691852192,Jenova,40
True,10000,20,Finh Bezahl,False,1691852191,Jenova,40
True,10000,20,Finh Bezahl,False,1691852190,Jenova,40
True,10000,21,Finh Bezahl,False,1691852188,Jenova,40
True,4905,35,Riz Khalifa,False,1691805590,Midgardsormr,65
True,2950,30,Xan Dam,False,1691791527,Sargatanas,99
True,4900,25,Freas Hypexaline,False,1691629610,Cactuar,79
True,11900,6,Peno Sinphexion,False,1691629244,Siren,57
True,19499,17,Jessy Syntax,False,1691600611,Faerie,54
False,4969,3,Jessy Syntax,False,1691599712,Faerie,54
True,4600,3,Samara Hana,False,1691391391,Gilgamesh,63
True,4000,99,Nikau Milkdud,False,1691374224,Gilgamesh,63
True,5000,10,Flayn Cethleann,False,1691277035,Faerie,54
True,3000,87,Scooter Mcgavinn,False,1691208660,Adamantoise,73
True,3000,99,Gray Owl,False,1691116690,Adamantoise,73
False,1000,1,Jear Bare,False,1691112254,Siren,57
True,4992,12,Nessira Darkheart,False,1691099740,Midgardsormr,65
True,4603,12,Cat Toy,False,1691095982,Gilgamesh,63
True,4603,99,Generic Human,False,1691042999,Gilgamesh,63
True,4999,20,Drakian Draconic,False,1690986104,Midgardsormr,65
True,5000,11,Kamisguide Higurashi,False,1690946635,Faerie,54
False,5000,3,Shiro Sol,False,1690877047,Faerie,54
False,1450,63,Eiko Akiudo,False,1690847845,Sargatanas,99
True,4603,33,Knight Lionheart,False,1690812064,Gilgamesh,63
True,4603,99,Knight Lionheart,False,1690812058,Gilgamesh,63
True,15000,13,Auska Kisaragi,False,1690776162,Jenova,40
False,2000,3,Setsuna Mikan,False,1690710894,Adamantoise,73
True,4604,12,Crono Mogono,False,1690681122,Gilgamesh,63
True,2994,11,Jimothy Holt,False,1690678408,Adamantoise,73
True,2994,11,Jimothy Holt,False,1690678405,Adamantoise,73
True,2905,3,Jimothy Holt,False,1690678391,Adamantoise,73
True,2905,3,Jimothy Holt,False,1690678389,Adamantoise,73
True,2905,12,Jimothy Holt,False,1690678387,Adamantoise,73
True,4240,18,Kamisguide Higurashi,False,1690673753,Faerie,54
True,4604,20,Knight Lionheart,False,1690666994,Gilgamesh,63
True,4604,50,Knight Lionheart,False,1690666986,Gilgamesh,63
False,3000,6,Boomstix Manycasts,False,1690655769,Faerie,54
True,3279,15,Boomstix Manycasts,False,1690655767,Faerie,54
True,3280,15,Boomstix Manycasts,False,1690655766,Faerie,54
True,4604,6,Ladorak Eqoa,False,1690559525,Gilgamesh,63
True,3281,12,Fio Mercurial,False,1690506223,Faerie,54
False,1443,6,Mio Ando,False,1690495537,Jenova,40
True,800,77,Cidec Oth,False,1690477106,Midgardsormr,65
True,3278,30,Lux Floquet,False,1690428642,Faerie,54
True,1111,24,Umi Takahashi,False,1690420874,Jenova,40
False,1300,15,Argon Von-kalagarn,False,1690329449,Gilgamesh,63
False,1300,15,Argon Von-kalagarn,False,1690329445,Gilgamesh,63
True,1599,36,Magnus Balbosa,False,1690327978,Sargatanas,99
True,500,2,Apex Animosity,False,1690217658,Midgardsormr,65
False,1442,6,Wind-up Kino,False,1690194121,Jenova,40
True,3398,15,Mari Haunt,False,1690160650,Faerie,54
True,3397,21,Mari Haunt,False,1690160648,Faerie,54
True,3395,1,Mari Haunt,False,1690160647,Faerie,54
True,3393,6,Mari Haunt,False,1690160646,Faerie,54
True,2000,10,Swazi Marean,False,1690074004,Sargatanas,99
False,1000,4,Fenix Fendrache,False,1690072527,Siren,57
False,1000,30,Morganna Sky,False,1690049567,Midgardsormr,65
True,2992,12,Jill Sandwich,False,1690046929,Adamantoise,73
True,4997,9,Bunny Chan,False,1689992812,Gilgamesh,63
True,4997,10,Bunny Chan,False,1689992811,Gilgamesh,63
True,4997,10,Bunny Chan,False,1689992809,Gilgamesh,63
True,4997,10,Bunny Chan,False,1689992807,Gilgamesh,63
True,4997,13,Bunny Chan,False,1689992805,Gilgamesh,63
True,4997,15,Bunny Chan,False,1689992804,Gilgamesh,63
True,4997,15,Bunny Chan,False,1689992803,Gilgamesh,63
True,4899,10,Bunny Chan,False,1689992802,Gilgamesh,63
True,4200,45,Bunny Chan,False,1689992801,Gilgamesh,63
False,1000,18,Vior Fleirtrum,False,1689988166,Midgardsormr,65
False,990,6,Chiran Inaka,False,1689987049,Siren,57
True,1549,9,Misha Jakkya,False,1689894863,Sargatanas,99
True,4900,99,Billy Naga,False,1689892847,Gilgamesh,63
True,2500,16,Ollie Tinras,False,1689810366,Faerie,54
True,4899,10,Asharana Zyn,False,1689716677,Gilgamesh,63
True,2205,5,Asharana Zyn,False,1689716625,Siren,57
True,2205,10,Asharana Zyn,False,1689716624,Siren,57
True,2205,10,Asharana Zyn,False,1689716622,Siren,57
True,200,18,Asharana Zyn,False,1689716616,Siren,57
True,1500,1,Wezaleff Athea,False,1689714386,Midgardsormr,65
True,4905,99,Alric Syzure,False,1689508996,Gilgamesh,63
True,4890,33,Chimei-tekina Hana,False,1689492740,Cactuar,79
True,3650,20,Chimei-tekina Hana,False,1689492739,Cactuar,79
True,3650,20,Chimei-tekina Hana,False,1689492737,Cactuar,79
True,3650,20,Chimei-tekina Hana,False,1689492736,Cactuar,79
True,4900,12,Akh Morn,False,1689489006,Gilgamesh,63
True,1340,33,Valorenna Aeir,False,1689460305,Siren,57
True,1600,12,P'ius Daesyn,False,1689409829,Sargatanas,99
True,4998,20,Ryu Immortalem,False,1689307629,Gilgamesh,63
True,3000,11,Alia Altus,False,1689210859,Adamantoise,73
True,5105,54,Knight Lionheart,False,1689161957,Gilgamesh,63
True,1494,60,Belle Chan,False,1689136269,Jenova,40
True,1490,99,Belle Chan,False,1689136267,Jenova,40
True,1474,93,Belle Chan,False,1689136265,Jenova,40
True,1475,99,Belle Chan,False,1689136263,Jenova,40
True,3650,20,Aran Solidor,False,1689122241,Cactuar,79
True,3650,25,Aran Solidor,False,1689122240,Cactuar,79
True,3600,24,Aran Solidor,False,1689122239,Cactuar,79
True,3495,27,Aran Solidor,False,1689122238,Cactuar,79
True,3475,36,Aran Solidor,False,1689122237,Cactuar,79
True,3470,15,Aran Solidor,False,1689122236,Cactuar,79
True,3430,27,Aran Solidor,False,1689122235,Cactuar,79
True,3425,6,Aran Solidor,False,1689122234,Cactuar,79
True,2500,3,Sollis Nexus,False,1689037914,Adamantoise,73
True,9894,20,Knight Lionheart,False,1688983180,Gilgamesh,63
True,9894,30,Knight Lionheart,False,1688968697,Gilgamesh,63
True,9894,30,Knight Lionheart,False,1688968693,Gilgamesh,63
True,4800,3,Nexendia Mememachine,False,1688959299,Cactuar,79
True,9898,51,Jace Windwalker,False,1688943063,Gilgamesh,63
True,4699,33,Jace Windwalker,False,1688942730,Midgardsormr,65
True,4698,33,Jace Windwalker,False,1688942729,Midgardsormr,65
True,1500,45,Jace Windwalker,False,1688942727,Midgardsormr,65
True,1500,57,Jace Windwalker,False,1688942726,Midgardsormr,65
True,3795,6,Bandit Marksman,False,1688925424,Cactuar,79
True,5000,6,Gabrael Blackrose,False,1688921373,Faerie,54
True,4054,44,Azure Nimbus,False,1688871068,Cactuar,79
False,1500,23,Knight Lionheart,False,1688865135,Gilgamesh,63
True,1000,33,Knight Lionheart,False,1688865122,Gilgamesh,63
True,1500,66,Dark Leaf,False,1688832913,Midgardsormr,65
True,1500,75,Dark Leaf,False,1688832910,Midgardsormr,65
True,4104,20,Grateful Dead,False,1688788879,Gilgamesh,63
True,4000,19,Midnight Shadow,False,1688742717,Cactuar,79
False,4000,3,Sharien Thorndral,False,1688716509,Cactuar,79
True,1300,30,Falke Gauguin,False,1688715972,Siren,57
True,1300,30,Falke Gauguin,False,1688715970,Siren,57
True,1300,30,Falke Gauguin,False,1688715968,Siren,57
True,1500,54,Kanto Dragontooth,False,1688683247,Midgardsormr,65
True,4263,42,Ulti Xae,False,1688605270,Faerie,54
True,4265,9,Fio Mercurial,False,1688578596,Faerie,54
True,8000,3,Nan Poku,False,1688536173,Cactuar,79
True,1649,40,Loud Canadian,False,1688520302,Sargatanas,99
False,20,20,Miah Rhaja,False,1688448183,Siren,57
False,12,12,Miah Rhaja,False,1688448181,Siren,57
False,11,11,Miah Rhaja,False,1688448180,Siren,57
False,10,10,Miah Rhaja,False,1688448179,Siren,57
True,1800,19,Magnus Balbosa,False,1688425385,Sargatanas,99
True,1231,99,Kino Reinhardt,False,1688421447,Jenova,40
True,9900,33,Eires Caste,False,1688406141,Gilgamesh,63
True,2798,50,Knight Lionheart,False,1688381084,Gilgamesh,63
True,1500,78,Dynapachy Gali,False,1688337953,Midgardsormr,65
False,1444,3,Argo Kishimoto,False,1688307732,Jenova,40
False,9,9,Alexandra Grand,False,1688277082,Siren,57
False,8,8,Alexandra Grand,False,1688277080,Siren,57
False,7,7,Alexandra Grand,False,1688277078,Siren,57
False,5,5,Alexandra Grand,False,1688277077,Siren,57
False,4,4,Alexandra Grand,False,1688277076,Siren,57
False,3,3,Alexandra Grand,False,1688277075,Siren,57
False,2,2,Alexandra Grand,False,1688277074,Siren,57
False,1,1,Kothar Black-claw,False,1688272026,Siren,57
True,1300,30,Aeredon Dragonmire,False,1688241432,Siren,57
True,1300,19,Nita Blanket,False,1688161682,Siren,57
True,5414,4,Tesalan Pasalan,False,1688104381,Cactuar,79
True,1300,20,Alexandra Grand,False,1688099731,Siren,57
True,5995,6,Bingums Bakuro,False,1688089040,Cactuar,79
True,9068,1,Jellyf Ish,False,1688089026,Cactuar,79
True,3000,27,Pullie Fortune,False,1688079088,Cactuar,79
False,2000,3,Nyx Pieta,False,1687964298,Cactuar,79
True,1300,30,Redellex Minoji,False,1687924283,Siren,57
True,20000,3,Eryu Naghi,False,1687920971,Faerie,54
True,1300,15,Miss Dee,False,1687913346,Siren,57
True,1300,30,Miss Dee,False,1687913340,Siren,57
True,1300,30,Miss Dee,False,1687913338,Siren,57
True,1300,30,Miss Dee,False,1687913336,Siren,57
True,1999,33,Mc Rhyde,False,1687909383,Midgardsormr,65
True,3000,10,Mr Williams,False,1687850891,Cactuar,79
True,2978,6,Mr Williams,False,1687850890,Cactuar,79
True,1494,99,Zubet'a Kaldurn,False,1687833620,Jenova,40
True,1198,3,Zubet'a Kaldurn,False,1687833615,Jenova,40
True,1198,4,Zubet'a Kaldurn,False,1687833612,Jenova,40
True,1400,21,Fry Dragor,False,1687815739,Jenova,40
True,3790,46,Hugh Munguss,False,1687721953,Adamantoise,73
True,10000,12,Lux Floquet,False,1687720960,Faerie,54
True,1997,3,Prince Popoto,False,1687720705,Jenova,40
True,5000,27,Hugh Munguss,False,1687719962,Faerie,54
True,3790,50,Rad Akali,False,1687672874,Adamantoise,73
True,12000,3,Four Sprinkles,False,1687659297,Gilgamesh,63
True,10104,6,Aetheya Tonitruum,False,1687657629,Sargatanas,99
True,2500,6,Sapphire Scarlet,False,1687572875,Midgardsormr,65
True,1997,3,Frai Raifraica,False,1687498667,Jenova,40
True,1385,12,Juudai Panda,False,1687484398,Jenova,40
True,1998,24,Ryosen Naeuri,False,1687443883,Midgardsormr,65
True,2205,5,Beatrix Crescent,False,1687411894,Siren,57
True,1000,3,Lorna Noom,False,1687398690,Siren,57
True,999,33,Reeemi Ll,False,1687311664,Siren,57
True,999,33,Reeemi Ll,False,1687311662,Siren,57
True,4440,10,Razalicious Delicious,False,1687299957,Sargatanas,99
True,4444,15,Razalicious Delicious,False,1687299955,Sargatanas,99
True,5500,27,Razalicious Delicious,False,1687295843,Sargatanas,99
True,5000,3,Razalicious Delicious,False,1687295790,Sargatanas,99
True,1385,12,Annikah Hansen,False,1687230490,Jenova,40
True,6999,6,Heals Please,False,1687229049,Cactuar,79
True,2977,27,Nixacu Murubra,False,1687219761,Cactuar,79
True,3789,15,Morrigan Nyx,False,1687214430,Adamantoise,73
True,3789,15,Morrigan Nyx,False,1687214428,Adamantoise,73
True,1285,9,Aster Skychaser,False,1687158122,Siren,57
True,1385,12,Iselda Phar,False,1687155701,Jenova,40
False,595,3,Shadow Skyrider,False,1687142699,Siren,57
True,2975,12,Abel Arkwright,False,1687138566,Cactuar,79
True,2979,36,Abel Arkwright,False,1687138560,Cactuar,79
True,10998,3,Kire Valdruk,False,1687060700,Gilgamesh,63
True,1350,6,Diata Corduroy,False,1687056025,Siren,57
True,5500,5,Carl Virgil,False,1687052877,Sargatanas,99
True,10899,10,Steven Mcnubbin,False,1687039536,Gilgamesh,63
True,10900,3,Steven Mcnubbin,False,1687039475,Gilgamesh,63
True,1330,33,Carl Virgil,False,1687027829,Siren,57
True,1330,9,Stormcrow Hammerhand,False,1687025758,Siren,57
True,2980,10,Karentha Theylin,False,1686962584,Cactuar,79
True,6000,5,Javi Messiah,False,1686934658,Sargatanas,99
True,1330,33,Jac Daron,False,1686877354,Siren,57
True,1330,33,Jac Daron,False,1686877348,Siren,57
True,1330,33,Jac Daron,False,1686877338,Siren,57
True,9999,30,Karsin'oh Jhinesis,False,1686793295,Faerie,54
True,6000,10,Raphtalia Sanzenin,False,1686792494,Sargatanas,99
True,1496,89,Halo Nya,False,1686780221,Jenova,40
True,1495,9,Fizzy Pop,False,1686770437,Jenova,40
True,6705,33,Adara Arlise,False,1686718128,Cactuar,79
False,4000,3,Dead Bear,False,1686716647,Sargatanas,99
True,3000,20,Rwby' Rose,False,1686621270,Cactuar,79
False,300,99,Katsu Yggvera,False,1686617181,Siren,57
True,1350,20,Viros Heijinn,False,1686616579,Siren,57
True,1350,20,Viros Heijinn,False,1686616563,Siren,57
True,1350,30,Viros Heijinn,False,1686616561,Siren,57
False,4000,3,Jedici Kutharian,False,1686551021,Faerie,54
True,6000,10,Gio Boy,False,1686528144,Sargatanas,99
True,4900,60,Rarrum Bentwhiskers,False,1686516371,Sargatanas,99
True,3950,50,Rarrum Bentwhiskers,False,1686516359,Sargatanas,99
True,3950,50,Eltec Lansing,False,1686511165,Sargatanas,99
True,5000,9,Netashka Aziimov,False,1686505432,Sargatanas,99
True,6000,6,Netashka Aziimov,False,1686505428,Sargatanas,99
True,1500,10,Kariela Danar,False,1686448192,Siren,57
True,1500,10,Kariela Danar,False,1686448190,Siren,57
False,1000,6,Karma Amrak,False,1686373697,Cactuar,79
True,3000,30,Hadriaen Fuorreaux,False,1686302614,Cactuar,79
True,1600,23,Lenore Wilkins,False,1686292371,Siren,57
True,1600,23,Noktina Yeti,False,1686282083,Siren,57
True,1595,3,Noktina Yeti,False,1686282080,Siren,57
False,2575,3,Bren Ozcilazia,False,1686249504,Cactuar,79
True,15000,10,Kagetsu Ulfhednar,False,1686129335,Adamantoise,73
True,5000,3,Auriel Shiana,False,1686123184,Midgardsormr,65
True,7200,3,Rocket Hoss,False,1686097997,Sargatanas,99
True,6390,3,Hao Lu,False,1686021403,Siren,57
True,9999,3,Atandrien Aphourneaux,False,1686017272,Faerie,54
True,19999,4,Aiyko Leigh,False,1686015163,Jenova,40
True,5990,24,Yaxche Farrowmourn,False,1686007098,Cactuar,79
False,500,10,Harbiy Byrbm'n,False,1685978893,Siren,57
True,5985,3,Cheesy Mcsteesy,False,1685929005,Cactuar,79
True,2000,30,Jericho Brother,False,1685861555,Cactuar,79
True,7200,10,Zero Chill,False,1685832900,Sargatanas,99
True,10000,10,Aodh Edgerly,False,1685832870,Midgardsormr,65
True,6994,33,Link Hyrule,False,1685826933,Siren,57
True,22000,10,Morrigan Nyx,False,1685821726,Adamantoise,73
True,22000,19,Morrigan Nyx,False,1685821724,Adamantoise,73
True,21999,9,Morrigan Nyx,False,1685821722,Adamantoise,73
True,5985,12,Movvy Creek,False,1685814708,Cactuar,79
True,5999,12,Movvy Creek,False,1685814703,Cactuar,79
True,24999,10,Lux Viera,False,1685778098,Jenova,40
True,14879,2,Dyre Bananaya,False,1685755833,Gilgamesh,63
True,6700,12,Bunny Chan,False,1685749288,Cactuar,79
True,6500,12,Bunny Chan,False,1685749287,Cactuar,79
True,6405,3,Bunny Chan,False,1685749286,Cactuar,79
True,6400,35,Bunny Chan,False,1685749285,Cactuar,79
True,6500,99,Bunny Chan,False,1685749226,Sargatanas,99
True,6400,12,Bunny Chan,False,1685749225,Sargatanas,99
True,5000,6,Bunny Chan,False,1685749195,Midgardsormr,65
True,5000,15,Bunny Chan,False,1685749193,Midgardsormr,65
True,3333,30,Bunny Chan,False,1685749101,Midgardsormr,65
True,3333,30,Bunny Chan,False,1685749100,Midgardsormr,65
True,3000,20,Bunny Chan,False,1685748860,Gilgamesh,63
True,18895,9,Kagetsu Ulfhednar,False,1685710134,Adamantoise,73
True,25000,3,Camio Luna,False,1685682783,Jenova,40
True,3000,20,Suniver Estrella,False,1685666119,Gilgamesh,63
True,3333,30,Rift Lokean,False,1685654427,Midgardsormr,65
True,9885,3,Astra Lunamar,False,1685596608,Sargatanas,99
True,4500,12,Lenneth Starrfire,False,1685594370,Cactuar,79
True,2000,3,Lenneth Starrfire,False,1685594368,Cactuar,79
True,1995,99,Lenneth Starrfire,False,1685594366,Cactuar,79
True,5554,18,Jericho Brother,False,1685581689,Jenova,40
True,8999,18,Pedro Uhtred,False,1685576026,Midgardsormr,65
True,7580,6,Mxsprince Rex,False,1685568365,Cactuar,79
True,4500,99,Creamy Raccoon,False,1685532685,Cactuar,79
True,5554,21,Sollidus Snake,False,1685500099,Jenova,40
True,5555,10,Nephrai Delaveuce,False,1685466771,Jenova,40
True,6490,9,Chiran Inaka,False,1685454432,Cactuar,79
True,6495,99,Chiran Inaka,False,1685454431,Cactuar,79
True,6495,99,Chiran Inaka,False,1685454429,Cactuar,79
False,5095,3,Sneek Swiftstep,False,1685416430,Sargatanas,99
True,7139,30,Bailun Uyagiri,False,1685399718,Faerie,54
False,1000,12,Leif Vindleikr,False,1685381966,Jenova,40
True,10000,10,Seckro Vargas,False,1685375537,Siren,57
True,6800,99,May Isaac,False,1685371511,Cactuar,79
True,10103,12,Arienne Archeron,False,1685331509,Sargatanas,99
False,2500,3,Ayasa Feriy,False,1685331267,Cactuar,79
True,10000,24,Chimei-tekina Hana,False,1685323957,Cactuar,79
True,7000,24,Chimei-tekina Hana,False,1685323949,Cactuar,79
True,2500,6,Rarrum Bentwhiskers,False,1685309417,Adamantoise,73
True,8886,11,Edgar Strife,False,1685306609,Jenova,40
True,7000,99,May Isaac,False,1685305730,Cactuar,79
True,7000,27,May Isaac,False,1685305729,Cactuar,79
True,10001,6,Poki Shadowsneak,False,1685167382,Adamantoise,73
True,15000,30,Minieve Tayuun,False,1685160362,Cactuar,79
True,13500,10,Ayria Lumia-fox,False,1685159922,Siren,57
True,13500,10,Ayria Lumia-fox,False,1685159919,Siren,57
True,13500,10,Ayria Lumia-fox,False,1685159918,Siren,57
True,13500,10,Ayria Lumia-fox,False,1685159914,Siren,57
True,13500,13,Ayria Lumia-fox,False,1685159913,Siren,57
True,11000,30,Unmei Valamire,False,1685156663,Cactuar,79
True,10100,21,Kouta Ataire,False,1685146064,Sargatanas,99
True,10105,6,Fluffytail Soulripper,False,1685112802,Adamantoise,73
True,25000,3,Mordyn Ka,False,1685047084,Cactuar,79
True,27000,3,Saryn Aeros,False,1684997354,Midgardsormr,65
True,5000,12,Azra Sunna,False,1684972279,Cactuar,79
True,40105,6,Zeress Mallus,False,1684971997,Faerie,54
True,500,12,Swole Daddy,False,1684965962,Gilgamesh,63
True,25000,3,Jatoro Brathgar,False,1684964107,Jenova,40
True,6000,3,Kyro Tachikake,False,1684897691,Jenova,40
True,5105,3,Ilyesen Valenroix,False,1684888429,Cactuar,79
True,30000,3,Ronin Lothbrook,False,1684874110,Siren,57
True,6000,3,Shiro Greybourne,False,1684853851,Jenova,40
